impression_id,custom_id
59,request-1
108,request-2
126,request-3
135,request-4
154,request-5
178,request-6
248,request-7
249,request-8
250,request-9
262,request-10
287,request-11
313,request-12
319,request-13
320,request-14
340,request-15
390,request-16
414,request-17
422,request-18
434,request-19
463,request-20
483,request-21
518,request-22
546,request-23
576,request-24
605,request-25
613,request-26
614,request-27
615,request-28
616,request-29
620,request-30
746,request-31
792,request-32
798,request-33
802,request-34
803,request-35
818,request-36
882,request-37
916,request-38
917,request-39
918,request-40
922,request-41
938,request-42
947,request-43
990,request-44
993,request-45
1030,request-46
1034,request-47
1147,request-48
1150,request-49
1177,request-50
1178,request-51
1185,request-52
1199,request-53
1222,request-54
1248,request-55
1249,request-56
1250,request-57
1274,request-58
1275,request-59
1276,request-60
1310,request-61
1375,request-62
1387,request-63
1396,request-64
1430,request-65
1443,request-66
1509,request-67
1513,request-68
1517,request-69
1520,request-70
1521,request-71
1558,request-72
1566,request-73
1600,request-74
1680,request-75
1692,request-76
1693,request-77
1714,request-78
1733,request-79
1752,request-80
1766,request-81
1854,request-82
1858,request-83
1868,request-84
1988,request-85
1990,request-86
1993,request-87
2016,request-88
2041,request-89
2046,request-90
2047,request-91
2063,request-92
2067,request-93
2068,request-94
2144,request-95
2173,request-96
2326,request-97
2327,request-98
2339,request-99
2340,request-100
2341,request-101
2347,request-102
2371,request-103
2397,request-104
2418,request-105
2437,request-106
2442,request-107
2468,request-108
2521,request-109
2534,request-110
2564,request-111
2659,request-112
2667,request-113
2669,request-114
2682,request-115
2713,request-116
2714,request-117
2715,request-118
2719,request-119
2729,request-120
2756,request-121
2759,request-122
2836,request-123
2837,request-124
2856,request-125
2858,request-126
2875,request-127
2876,request-128
2920,request-129
2930,request-130
2937,request-131
2955,request-132
2957,request-133
2966,request-134
3025,request-135
3034,request-136
3038,request-137
3070,request-138
3071,request-139
3103,request-140
3107,request-141
3111,request-142
3125,request-143
3135,request-144
3168,request-145
3169,request-146
3172,request-147
3173,request-148
3192,request-149
3239,request-150
3253,request-151
3254,request-152
3265,request-153
3273,request-154
3499,request-155
3512,request-156
3529,request-157
3530,request-158
3566,request-159
3593,request-160
3596,request-161
3622,request-162
3624,request-163
3647,request-164
3654,request-165
3669,request-166
3678,request-167
3694,request-168
3745,request-169
3751,request-170
3752,request-171
3775,request-172
3795,request-173
3796,request-174
3797,request-175
3818,request-176
3820,request-177
3824,request-178
3826,request-179
3827,request-180
3865,request-181
3877,request-182
3879,request-183
3906,request-184
4003,request-185
4111,request-186
4146,request-187
4164,request-188
4189,request-189
4209,request-190
4240,request-191
4246,request-192
4306,request-193
4307,request-194
4359,request-195
4365,request-196
4380,request-197
4389,request-198
4390,request-199
4421,request-200
4449,request-201
4451,request-202
4473,request-203
4489,request-204
4490,request-205
4546,request-206
4548,request-207
4628,request-208
4629,request-209
4639,request-210
4653,request-211
4718,request-212
4727,request-213
4728,request-214
4730,request-215
4809,request-216
4820,request-217
4846,request-218
4860,request-219
4862,request-220
4875,request-221
4882,request-222
4884,request-223
4921,request-224
4967,request-225
5007,request-226
5008,request-227
5104,request-228
5113,request-229
5116,request-230
5118,request-231
5122,request-232
5136,request-233
5147,request-234
5223,request-235
5228,request-236
5235,request-237
5243,request-238
5272,request-239
5290,request-240
5384,request-241
5387,request-242
5416,request-243
5475,request-244
5504,request-245
5562,request-246
5563,request-247
5620,request-248
5659,request-249
5665,request-250
5671,request-251
5681,request-252
5691,request-253
5708,request-254
5717,request-255
5725,request-256
5772,request-257
5788,request-258
5793,request-259
5824,request-260
5837,request-261
5858,request-262
5861,request-263
5862,request-264
5897,request-265
5898,request-266
5902,request-267
5903,request-268
5945,request-269
5950,request-270
5970,request-271
5973,request-272
6072,request-273
6142,request-274
6253,request-275
6279,request-276
6280,request-277
6307,request-278
6308,request-279
6323,request-280
6363,request-281
6396,request-282
6418,request-283
6454,request-284
6527,request-285
6535,request-286
6539,request-287
6549,request-288
6567,request-289
6635,request-290
6636,request-291
6638,request-292
6697,request-293
6698,request-294
6702,request-295
6772,request-296
6783,request-297
6792,request-298
6796,request-299
6829,request-300
6878,request-301
7003,request-302
7040,request-303
7045,request-304
7070,request-305
7097,request-306
7113,request-307
7114,request-308
7130,request-309
7131,request-310
7144,request-311
7276,request-312
7301,request-313
7302,request-314
7316,request-315
7369,request-316
7378,request-317
7427,request-318
7450,request-319
7475,request-320
7509,request-321
7542,request-322
7543,request-323
7653,request-324
7656,request-325
7670,request-326
7680,request-327
7698,request-328
7743,request-329
7766,request-330
7767,request-331
7775,request-332
7779,request-333
7788,request-334
7789,request-335
7814,request-336
7983,request-337
8030,request-338
8040,request-339
8080,request-340
8089,request-341
8090,request-342
8109,request-343
8166,request-344
8167,request-345
8176,request-346
8197,request-347
8198,request-348
8226,request-349
8256,request-350
8269,request-351
8270,request-352
8310,request-353
8355,request-354
8365,request-355
8378,request-356
8414,request-357
8438,request-358
8483,request-359
8492,request-360
8500,request-361
8518,request-362
8521,request-363
8523,request-364
8556,request-365
8561,request-366
8591,request-367
8636,request-368
8653,request-369
8658,request-370
8685,request-371
8710,request-372
8729,request-373
8731,request-374
8749,request-375
8764,request-376
8766,request-377
8767,request-378
8821,request-379
8828,request-380
8833,request-381
8836,request-382
8848,request-383
8851,request-384
8861,request-385
8871,request-386
8908,request-387
8921,request-388
8946,request-389
8947,request-390
8948,request-391
8960,request-392
8973,request-393
8975,request-394
9021,request-395
9036,request-396
9042,request-397
9072,request-398
9118,request-399
9175,request-400
9192,request-401
9193,request-402
9194,request-403
9210,request-404
9228,request-405
9301,request-406
9326,request-407
9329,request-408
9331,request-409
9340,request-410
9344,request-411
9356,request-412
9357,request-413
9365,request-414
9405,request-415
9407,request-416
9443,request-417
9490,request-418
9531,request-419
9549,request-420
9870,request-421
9871,request-422
9892,request-423
9907,request-424
9922,request-425
9923,request-426
9935,request-427
9961,request-428
10011,request-429
10050,request-430
10069,request-431
10075,request-432
10076,request-433
10237,request-434
10262,request-435
10263,request-436
10286,request-437
10303,request-438
10310,request-439
10320,request-440
10377,request-441
10384,request-442
10385,request-443
10403,request-444
10443,request-445
10460,request-446
10561,request-447
10566,request-448
10572,request-449
10623,request-450
10630,request-451
10644,request-452
10667,request-453
10676,request-454
10677,request-455
10681,request-456
10731,request-457
10736,request-458
10780,request-459
10781,request-460
10876,request-461
10895,request-462
10900,request-463
10907,request-464
10916,request-465
10918,request-466
10930,request-467
10934,request-468
10941,request-469
10957,request-470
11018,request-471
11110,request-472
11117,request-473
11118,request-474
11170,request-475
11195,request-476
11300,request-477
11301,request-478
11338,request-479
11343,request-480
11361,request-481
11362,request-482
11365,request-483
11366,request-484
11371,request-485
11372,request-486
11374,request-487
11375,request-488
11380,request-489
11381,request-490
11531,request-491
11535,request-492
11537,request-493
11542,request-494
11543,request-495
11564,request-496
11582,request-497
11583,request-498
11604,request-499
11611,request-500
11687,request-501
11697,request-502
11737,request-503
11795,request-504
11817,request-505
11832,request-506
11840,request-507
11852,request-508
11865,request-509
11867,request-510
11874,request-511
11899,request-512
11900,request-513
11901,request-514
11918,request-515
11940,request-516
11989,request-517
11990,request-518
12095,request-519
12111,request-520
12112,request-521
12114,request-522
12141,request-523
12149,request-524
12150,request-525
12161,request-526
12162,request-527
12165,request-528
12166,request-529
12195,request-530
12200,request-531
12203,request-532
12210,request-533
12212,request-534
12238,request-535
12280,request-536
12296,request-537
12314,request-538
12324,request-539
12342,request-540
12346,request-541
12360,request-542
12411,request-543
12471,request-544
12535,request-545
12587,request-546
12588,request-547
12589,request-548
12623,request-549
12666,request-550
12677,request-551
12690,request-552
12835,request-553
12966,request-554
12968,request-555
12974,request-556
12975,request-557
12977,request-558
12981,request-559
12987,request-560
12999,request-561
13012,request-562
13033,request-563
13034,request-564
13035,request-565
13036,request-566
13064,request-567
13166,request-568
13182,request-569
13206,request-570
13250,request-571
13274,request-572
13277,request-573
13285,request-574
13321,request-575
13350,request-576
13360,request-577
13385,request-578
13392,request-579
13408,request-580
13412,request-581
13450,request-582
13470,request-583
13505,request-584
13598,request-585
13616,request-586
13627,request-587
13628,request-588
13642,request-589
13643,request-590
13645,request-591
13646,request-592
13710,request-593
13711,request-594
13774,request-595
13811,request-596
13812,request-597
13848,request-598
13849,request-599
14041,request-600
14049,request-601
14050,request-602
14125,request-603
14177,request-604
14178,request-605
14264,request-606
14266,request-607
14268,request-608
14269,request-609
14275,request-610
14306,request-611
14352,request-612
14376,request-613
14380,request-614
14383,request-615
14402,request-616
14403,request-617
14404,request-618
14417,request-619
14424,request-620
14438,request-621
14439,request-622
14503,request-623
14532,request-624
14533,request-625
14535,request-626
14557,request-627
14582,request-628
14594,request-629
14599,request-630
14604,request-631
14660,request-632
14701,request-633
14708,request-634
14719,request-635
14759,request-636
14770,request-637
14788,request-638
14815,request-639
14835,request-640
14853,request-641
14864,request-642
14881,request-643
14886,request-644
14905,request-645
14928,request-646
14980,request-647
15053,request-648
15065,request-649
15161,request-650
15206,request-651
15207,request-652
15244,request-653
15252,request-654
15268,request-655
15271,request-656
15289,request-657
15294,request-658
15306,request-659
15317,request-660
15318,request-661
15330,request-662
15333,request-663
15399,request-664
15416,request-665
15419,request-666
15435,request-667
15436,request-668
15438,request-669
15441,request-670
15498,request-671
15522,request-672
15544,request-673
15559,request-674
15569,request-675
15579,request-676
15683,request-677
15701,request-678
15710,request-679
15756,request-680
15840,request-681
15872,request-682
15943,request-683
16026,request-684
16027,request-685
16033,request-686
16075,request-687
16094,request-688
16095,request-689
16202,request-690
16238,request-691
16270,request-692
16289,request-693
16292,request-694
16295,request-695
16337,request-696
16366,request-697
16398,request-698
16408,request-699
16409,request-700
16410,request-701
16411,request-702
16448,request-703
16450,request-704
16469,request-705
16495,request-706
16555,request-707
16680,request-708
16710,request-709
16711,request-710
16752,request-711
16785,request-712
16786,request-713
16791,request-714
16802,request-715
16823,request-716
16865,request-717
16866,request-718
16933,request-719
16951,request-720
16952,request-721
16989,request-722
16990,request-723
17019,request-724
17041,request-725
17055,request-726
17056,request-727
17096,request-728
17115,request-729
17123,request-730
17124,request-731
17125,request-732
17137,request-733
17152,request-734
17216,request-735
17217,request-736
17269,request-737
17284,request-738
17294,request-739
17295,request-740
17317,request-741
17320,request-742
17348,request-743
17349,request-744
17367,request-745
17427,request-746
17466,request-747
17485,request-748
17515,request-749
17564,request-750
17585,request-751
17589,request-752
17597,request-753
17605,request-754
17611,request-755
17614,request-756
17678,request-757
17679,request-758
17698,request-759
17789,request-760
17794,request-761
17823,request-762
17836,request-763
17848,request-764
17854,request-765
17883,request-766
17896,request-767
18010,request-768
18012,request-769
18042,request-770
18059,request-771
18067,request-772
18079,request-773
18129,request-774
18141,request-775
18145,request-776
18185,request-777
18193,request-778
18204,request-779
18205,request-780
18218,request-781
18219,request-782
18226,request-783
18254,request-784
18293,request-785
18298,request-786
18340,request-787
18390,request-788
18411,request-789
18438,request-790
18439,request-791
18458,request-792
18462,request-793
18463,request-794
18467,request-795
18513,request-796
18518,request-797
18546,request-798
18547,request-799
18568,request-800
18574,request-801
18604,request-802
18618,request-803
18624,request-804
18626,request-805
18644,request-806
18668,request-807
18748,request-808
18751,request-809
18765,request-810
18789,request-811
18790,request-812
18811,request-813
18818,request-814
18822,request-815
18823,request-816
18838,request-817
18839,request-818
18859,request-819
18873,request-820
18949,request-821
18975,request-822
19058,request-823
19174,request-824
19175,request-825
19186,request-826
19195,request-827
19216,request-828
19220,request-829
19233,request-830
19234,request-831
19248,request-832
19480,request-833
19500,request-834
19507,request-835
19530,request-836
19531,request-837
19533,request-838
19542,request-839
19576,request-840
19599,request-841
19623,request-842
19624,request-843
19637,request-844
19650,request-845
20061,request-846
20062,request-847
20087,request-848
20088,request-849
20097,request-850
20099,request-851
20135,request-852
20144,request-853
20151,request-854
20157,request-855
20198,request-856
20201,request-857
20202,request-858
20234,request-859
20254,request-860
20308,request-861
20355,request-862
20387,request-863
20398,request-864
20400,request-865
20413,request-866
20416,request-867
20468,request-868
20482,request-869
20483,request-870
20486,request-871
20488,request-872
20515,request-873
20534,request-874
20549,request-875
20579,request-876
20600,request-877
20648,request-878
20686,request-879
20701,request-880
20714,request-881
20715,request-882
20718,request-883
20719,request-884
20721,request-885
20723,request-886
20727,request-887
20728,request-888
20729,request-889
20787,request-890
20836,request-891
20859,request-892
20866,request-893
20896,request-894
20909,request-895
20910,request-896
20913,request-897
20943,request-898
20944,request-899
20963,request-900
21023,request-901
21058,request-902
21070,request-903
21080,request-904
21081,request-905
21166,request-906
21171,request-907
21181,request-908
21220,request-909
21233,request-910
21247,request-911
21248,request-912
21277,request-913
21336,request-914
21370,request-915
21467,request-916
21478,request-917
21543,request-918
21551,request-919
21580,request-920
21606,request-921
21615,request-922
21619,request-923
21623,request-924
21639,request-925
21641,request-926
21654,request-927
21655,request-928
21677,request-929
21680,request-930
21698,request-931
21705,request-932
21706,request-933
21776,request-934
21777,request-935
21785,request-936
21814,request-937
21877,request-938
21893,request-939
21907,request-940
21924,request-941
21928,request-942
21939,request-943
21942,request-944
21959,request-945
21973,request-946
22041,request-947
22042,request-948
22056,request-949
22061,request-950
22153,request-951
22158,request-952
22163,request-953
22164,request-954
22168,request-955
22180,request-956
22191,request-957
22205,request-958
22206,request-959
22209,request-960
22257,request-961
22282,request-962
22298,request-963
22350,request-964
22448,request-965
22500,request-966
22524,request-967
22532,request-968
22533,request-969
22534,request-970
22538,request-971
22566,request-972
22568,request-973
22579,request-974
22580,request-975
22587,request-976
22611,request-977
22620,request-978
22622,request-979
22623,request-980
22630,request-981
22636,request-982
22643,request-983
22652,request-984
22662,request-985
22665,request-986
22692,request-987
22720,request-988
22732,request-989
22738,request-990
22739,request-991
22754,request-992
22780,request-993
22787,request-994
22816,request-995
22817,request-996
22853,request-997
22862,request-998
22869,request-999
22892,request-1000
22929,request-1001
22935,request-1002
23024,request-1003
23025,request-1004
23026,request-1005
23035,request-1006
23041,request-1007
23053,request-1008
23066,request-1009
23122,request-1010
23123,request-1011
23155,request-1012
23169,request-1013
23199,request-1014
23200,request-1015
23201,request-1016
23202,request-1017
23203,request-1018
23204,request-1019
23290,request-1020
23332,request-1021
23334,request-1022
23335,request-1023
23348,request-1024
23403,request-1025
23416,request-1026
23420,request-1027
23432,request-1028
23437,request-1029
23449,request-1030
23451,request-1031
23455,request-1032
23462,request-1033
23468,request-1034
23494,request-1035
23514,request-1036
23518,request-1037
23524,request-1038
23525,request-1039
23597,request-1040
23602,request-1041
23619,request-1042
23621,request-1043
23622,request-1044
23627,request-1045
23628,request-1046
23641,request-1047
23763,request-1048
23790,request-1049
23791,request-1050
23812,request-1051
23855,request-1052
23994,request-1053
23996,request-1054
23997,request-1055
24000,request-1056
24050,request-1057
24054,request-1058
24056,request-1059
24095,request-1060
24124,request-1061
24132,request-1062
24133,request-1063
24136,request-1064
24156,request-1065
24157,request-1066
24174,request-1067
24192,request-1068
24232,request-1069
24233,request-1070
24237,request-1071
24258,request-1072
24327,request-1073
24329,request-1074
24383,request-1075
24420,request-1076
24429,request-1077
24462,request-1078
24513,request-1079
24526,request-1080
24528,request-1081
24550,request-1082
24571,request-1083
24620,request-1084
24621,request-1085
24629,request-1086
24669,request-1087
24795,request-1088
24821,request-1089
24833,request-1090
24851,request-1091
24919,request-1092
24931,request-1093
24932,request-1094
24933,request-1095
24954,request-1096
24956,request-1097
24970,request-1098
24973,request-1099
24993,request-1100
24995,request-1101
25005,request-1102
25096,request-1103
25101,request-1104
25102,request-1105
25103,request-1106
25147,request-1107
25151,request-1108
25176,request-1109
25236,request-1110
25262,request-1111
25282,request-1112
25337,request-1113
25356,request-1114
25360,request-1115
25479,request-1116
25484,request-1117
25568,request-1118
25584,request-1119
25642,request-1120
25643,request-1121
25644,request-1122
25663,request-1123
25669,request-1124
25675,request-1125
25688,request-1126
25703,request-1127
25707,request-1128
25709,request-1129
25756,request-1130
25758,request-1131
25786,request-1132
25793,request-1133
25810,request-1134
25857,request-1135
25863,request-1136
25870,request-1137
25882,request-1138
25889,request-1139
25896,request-1140
25917,request-1141
25938,request-1142
25963,request-1143
25964,request-1144
25965,request-1145
25972,request-1146
25979,request-1147
25987,request-1148
26315,request-1149
26356,request-1150
26414,request-1151
26442,request-1152
26472,request-1153
26496,request-1154
26502,request-1155
26545,request-1156
26580,request-1157
26599,request-1158
26603,request-1159
26620,request-1160
26653,request-1161
26680,request-1162
26703,request-1163
26769,request-1164
26770,request-1165
26776,request-1166
26849,request-1167
26886,request-1168
27014,request-1169
27037,request-1170
27038,request-1171
27073,request-1172
27078,request-1173
27163,request-1174
27229,request-1175
27234,request-1176
27243,request-1177
27255,request-1178
27257,request-1179
27279,request-1180
27293,request-1181
27296,request-1182
27297,request-1183
27298,request-1184
27322,request-1185
27323,request-1186
27324,request-1187
27328,request-1188
27365,request-1189
27384,request-1190
27435,request-1191
27440,request-1192
27445,request-1193
27446,request-1194
27448,request-1195
27461,request-1196
27523,request-1197
27555,request-1198
27578,request-1199
27677,request-1200
27678,request-1201
27689,request-1202
27697,request-1203
27729,request-1204
27730,request-1205
27773,request-1206
27783,request-1207
27798,request-1208
27806,request-1209
27808,request-1210
27822,request-1211
27836,request-1212
27853,request-1213
27854,request-1214
27860,request-1215
27873,request-1216
27930,request-1217
27931,request-1218
28066,request-1219
28076,request-1220
28124,request-1221
28130,request-1222
28137,request-1223
28160,request-1224
28176,request-1225
28183,request-1226
28194,request-1227
28195,request-1228
28229,request-1229
28249,request-1230
28274,request-1231
28284,request-1232
28285,request-1233
28389,request-1234
28410,request-1235
28436,request-1236
28464,request-1237
28482,request-1238
28541,request-1239
28545,request-1240
28550,request-1241
28597,request-1242
28598,request-1243
28698,request-1244
28713,request-1245
28755,request-1246
28797,request-1247
28798,request-1248
28815,request-1249
28827,request-1250
28833,request-1251
28834,request-1252
28863,request-1253
28868,request-1254
28872,request-1255
28937,request-1256
28940,request-1257
28964,request-1258
28973,request-1259
28974,request-1260
28989,request-1261
28998,request-1262
29026,request-1263
29027,request-1264
29093,request-1265
29110,request-1266
29116,request-1267
29125,request-1268
29126,request-1269
29137,request-1270
29212,request-1271
29267,request-1272
29278,request-1273
29310,request-1274
29335,request-1275
29375,request-1276
29376,request-1277
29454,request-1278
29455,request-1279
29464,request-1280
29474,request-1281
29504,request-1282
29526,request-1283
29534,request-1284
29572,request-1285
29577,request-1286
29585,request-1287
29590,request-1288
29599,request-1289
29600,request-1290
29611,request-1291
29658,request-1292
29670,request-1293
29678,request-1294
29746,request-1295
29799,request-1296
29823,request-1297
29847,request-1298
29867,request-1299
29896,request-1300
29928,request-1301
29959,request-1302
29978,request-1303
30021,request-1304
30032,request-1305
30062,request-1306
30102,request-1307
30110,request-1308
30129,request-1309
30135,request-1310
30136,request-1311
30143,request-1312
30144,request-1313
30209,request-1314
30211,request-1315
30217,request-1316
30221,request-1317
30223,request-1318
30235,request-1319
30245,request-1320
30247,request-1321
30253,request-1322
30266,request-1323
30331,request-1324
30367,request-1325
30441,request-1326
30446,request-1327
30449,request-1328
30450,request-1329
30481,request-1330
30565,request-1331
30634,request-1332
30638,request-1333
30663,request-1334
30678,request-1335
30754,request-1336
30760,request-1337
30768,request-1338
30818,request-1339
30825,request-1340
30831,request-1341
30844,request-1342
30856,request-1343
30858,request-1344
30880,request-1345
30898,request-1346
30937,request-1347
30946,request-1348
30953,request-1349
30957,request-1350
30961,request-1351
30970,request-1352
31043,request-1353
31057,request-1354
31060,request-1355
31064,request-1356
31078,request-1357
31142,request-1358
31152,request-1359
31157,request-1360
31161,request-1361
31186,request-1362
31251,request-1363
31298,request-1364
31323,request-1365
31385,request-1366
31389,request-1367
31427,request-1368
31444,request-1369
31450,request-1370
31454,request-1371
31456,request-1372
31457,request-1373
31458,request-1374
31461,request-1375
31462,request-1376
31475,request-1377
31479,request-1378
31679,request-1379
31681,request-1380
31690,request-1381
31691,request-1382
31692,request-1383
31693,request-1384
31694,request-1385
31697,request-1386
31707,request-1387
31708,request-1388
31716,request-1389
31723,request-1390
31735,request-1391
31855,request-1392
31856,request-1393
31857,request-1394
31872,request-1395
31888,request-1396
31916,request-1397
31921,request-1398
31938,request-1399
31997,request-1400
31999,request-1401
32000,request-1402
32003,request-1403
32023,request-1404
32044,request-1405
32050,request-1406
32052,request-1407
32087,request-1408
32097,request-1409
32102,request-1410
32125,request-1411
32128,request-1412
32186,request-1413
32191,request-1414
32223,request-1415
32288,request-1416
32309,request-1417
32317,request-1418
32329,request-1419
32341,request-1420
32382,request-1421
32401,request-1422
32410,request-1423
32425,request-1424
32536,request-1425
32551,request-1426
32563,request-1427
32566,request-1428
32627,request-1429
32628,request-1430
32629,request-1431
32641,request-1432
32649,request-1433
32650,request-1434
32654,request-1435
32655,request-1436
32658,request-1437
32693,request-1438
32778,request-1439
32797,request-1440
32799,request-1441
32805,request-1442
32834,request-1443
32835,request-1444
32842,request-1445
32854,request-1446
32868,request-1447
32869,request-1448
32896,request-1449
32912,request-1450
32923,request-1451
32924,request-1452
32941,request-1453
32955,request-1454
32958,request-1455
32972,request-1456
32974,request-1457
32981,request-1458
32990,request-1459
33006,request-1460
33049,request-1461
33115,request-1462
33152,request-1463
33155,request-1464
33157,request-1465
33162,request-1466
33163,request-1467
33164,request-1468
33189,request-1469
33248,request-1470
33302,request-1471
33305,request-1472
33340,request-1473
33348,request-1474
33349,request-1475
33350,request-1476
33351,request-1477
33435,request-1478
33485,request-1479
33540,request-1480
33547,request-1481
33566,request-1482
33615,request-1483
33619,request-1484
33632,request-1485
33641,request-1486
33702,request-1487
33742,request-1488
33749,request-1489
33751,request-1490
33752,request-1491
33768,request-1492
33774,request-1493
33786,request-1494
33792,request-1495
33815,request-1496
33838,request-1497
33839,request-1498
33845,request-1499
33847,request-1500
33849,request-1501
33862,request-1502
33899,request-1503
33910,request-1504
33911,request-1505
33918,request-1506
33933,request-1507
33934,request-1508
33935,request-1509
33960,request-1510
33981,request-1511
33988,request-1512
34103,request-1513
34152,request-1514
34155,request-1515
34173,request-1516
34176,request-1517
34178,request-1518
34179,request-1519
34187,request-1520
34252,request-1521
34316,request-1522
34331,request-1523
34332,request-1524
34392,request-1525
34405,request-1526
34410,request-1527
34428,request-1528
34481,request-1529
34492,request-1530
34511,request-1531
34524,request-1532
34532,request-1533
34544,request-1534
34562,request-1535
34573,request-1536
34596,request-1537
34611,request-1538
34670,request-1539
34689,request-1540
34690,request-1541
34709,request-1542
34710,request-1543
34714,request-1544
34740,request-1545
34741,request-1546
34789,request-1547
34821,request-1548
34856,request-1549
34860,request-1550
34894,request-1551
34909,request-1552
34914,request-1553
34961,request-1554
35034,request-1555
35058,request-1556
35068,request-1557
35082,request-1558
35164,request-1559
35171,request-1560
35175,request-1561
35241,request-1562
35242,request-1563
35273,request-1564
35349,request-1565
35372,request-1566
35414,request-1567
35466,request-1568
35510,request-1569
35547,request-1570
35557,request-1571
35561,request-1572
35562,request-1573
35578,request-1574
35580,request-1575
35583,request-1576
35584,request-1577
35585,request-1578
35586,request-1579
35591,request-1580
35594,request-1581
35652,request-1582
35653,request-1583
35654,request-1584
35740,request-1585
35768,request-1586
35783,request-1587
35830,request-1588
35881,request-1589
35928,request-1590
35991,request-1591
36004,request-1592
36005,request-1593
36013,request-1594
36041,request-1595
36107,request-1596
36111,request-1597
36140,request-1598
36161,request-1599
36180,request-1600
36181,request-1601
36182,request-1602
36190,request-1603
36194,request-1604
36234,request-1605
36243,request-1606
36261,request-1607
36301,request-1608
36342,request-1609
36348,request-1610
36354,request-1611
36366,request-1612
36392,request-1613
36394,request-1614
36472,request-1615
36553,request-1616
36556,request-1617
36557,request-1618
36572,request-1619
36602,request-1620
36610,request-1621
36633,request-1622
36637,request-1623
36643,request-1624
36703,request-1625
36727,request-1626
36762,request-1627
36775,request-1628
36834,request-1629
36872,request-1630
36887,request-1631
36982,request-1632
36995,request-1633
37016,request-1634
37021,request-1635
37034,request-1636
37043,request-1637
37068,request-1638
37069,request-1639
37075,request-1640
37085,request-1641
37209,request-1642
37210,request-1643
37216,request-1644
37245,request-1645
37265,request-1646
37354,request-1647
37424,request-1648
37458,request-1649
37523,request-1650
37594,request-1651
37605,request-1652
37619,request-1653
37638,request-1654
37694,request-1655
37720,request-1656
37725,request-1657
37736,request-1658
37762,request-1659
37763,request-1660
37769,request-1661
37787,request-1662
37800,request-1663
37827,request-1664
37898,request-1665
37936,request-1666
37959,request-1667
37962,request-1668
37975,request-1669
37978,request-1670
38000,request-1671
38004,request-1672
38022,request-1673
38040,request-1674
38061,request-1675
38110,request-1676
38113,request-1677
38125,request-1678
38126,request-1679
38138,request-1680
38220,request-1681
38256,request-1682
38294,request-1683
38300,request-1684
38328,request-1685
38427,request-1686
38444,request-1687
38445,request-1688
38446,request-1689
38481,request-1690
38512,request-1691
38518,request-1692
38519,request-1693
38552,request-1694
38567,request-1695
38584,request-1696
38596,request-1697
38599,request-1698
38628,request-1699
38636,request-1700
38638,request-1701
38709,request-1702
38759,request-1703
38773,request-1704
38828,request-1705
38855,request-1706
38879,request-1707
38900,request-1708
38901,request-1709
38916,request-1710
38946,request-1711
38971,request-1712
38985,request-1713
39007,request-1714
39036,request-1715
39047,request-1716
39072,request-1717
39150,request-1718
39177,request-1719
39214,request-1720
39215,request-1721
39236,request-1722
39244,request-1723
39331,request-1724
39352,request-1725
39364,request-1726
39371,request-1727
39387,request-1728
39406,request-1729
39412,request-1730
39469,request-1731
39482,request-1732
39483,request-1733
39506,request-1734
39513,request-1735
39522,request-1736
39525,request-1737
39526,request-1738
39537,request-1739
39553,request-1740
39578,request-1741
39684,request-1742
39685,request-1743
39705,request-1744
39713,request-1745
39714,request-1746
39822,request-1747
39823,request-1748
39849,request-1749
39876,request-1750
39877,request-1751
39889,request-1752
39934,request-1753
39963,request-1754
39967,request-1755
39993,request-1756
39994,request-1757
39996,request-1758
40000,request-1759
40008,request-1760
40011,request-1761
40012,request-1762
40024,request-1763
40035,request-1764
40050,request-1765
40073,request-1766
40086,request-1767
40087,request-1768
40099,request-1769
40115,request-1770
40159,request-1771
40160,request-1772
40176,request-1773
40187,request-1774
40197,request-1775
40224,request-1776
40260,request-1777
40262,request-1778
40287,request-1779
40331,request-1780
40377,request-1781
40406,request-1782
40411,request-1783
40412,request-1784
40423,request-1785
40424,request-1786
40457,request-1787
40459,request-1788
40461,request-1789
40466,request-1790
40467,request-1791
40468,request-1792
40518,request-1793
40535,request-1794
40589,request-1795
40604,request-1796
40629,request-1797
40644,request-1798
40681,request-1799
40682,request-1800
40687,request-1801
40694,request-1802
40746,request-1803
40821,request-1804
40841,request-1805
40880,request-1806
40887,request-1807
40894,request-1808
40909,request-1809
40936,request-1810
40949,request-1811
40950,request-1812
40951,request-1813
40953,request-1814
40954,request-1815
40973,request-1816
40975,request-1817
40978,request-1818
41020,request-1819
41057,request-1820
41070,request-1821
41076,request-1822
41115,request-1823
41133,request-1824
41134,request-1825
41135,request-1826
41172,request-1827
41242,request-1828
41286,request-1829
41322,request-1830
41389,request-1831
41393,request-1832
41399,request-1833
41411,request-1834
41460,request-1835
41478,request-1836
41479,request-1837
41487,request-1838
41509,request-1839
41594,request-1840
41595,request-1841
41597,request-1842
41636,request-1843
41637,request-1844
41715,request-1845
41733,request-1846
41821,request-1847
42067,request-1848
42068,request-1849
42075,request-1850
42083,request-1851
42084,request-1852
42085,request-1853
42135,request-1854
42152,request-1855
42244,request-1856
42271,request-1857
42278,request-1858
42294,request-1859
42314,request-1860
42321,request-1861
42344,request-1862
42355,request-1863
42376,request-1864
42407,request-1865
42434,request-1866
42450,request-1867
42474,request-1868
42475,request-1869
42478,request-1870
42511,request-1871
42533,request-1872
42560,request-1873
42561,request-1874
42604,request-1875
42618,request-1876
42638,request-1877
42701,request-1878
42749,request-1879
42750,request-1880
42769,request-1881
42772,request-1882
42779,request-1883
42780,request-1884
42785,request-1885
42850,request-1886
42857,request-1887
42867,request-1888
42892,request-1889
42909,request-1890
42910,request-1891
42918,request-1892
42939,request-1893
42987,request-1894
43013,request-1895
43028,request-1896
43029,request-1897
43073,request-1898
43077,request-1899
43091,request-1900
43094,request-1901
43141,request-1902
43143,request-1903
43169,request-1904
43179,request-1905
43182,request-1906
43190,request-1907
43191,request-1908
43254,request-1909
43298,request-1910
43357,request-1911
43376,request-1912
43377,request-1913
43388,request-1914
43429,request-1915
43432,request-1916
43457,request-1917
43487,request-1918
43511,request-1919
43513,request-1920
43522,request-1921
43523,request-1922
43532,request-1923
43561,request-1924
43562,request-1925
43577,request-1926
43585,request-1927
43589,request-1928
43628,request-1929
43706,request-1930
43707,request-1931
43750,request-1932
43753,request-1933
43754,request-1934
43764,request-1935
43775,request-1936
43847,request-1937
43913,request-1938
43937,request-1939
43974,request-1940
43977,request-1941
43982,request-1942
43996,request-1943
44068,request-1944
44070,request-1945
44071,request-1946
44075,request-1947
44076,request-1948
44077,request-1949
44088,request-1950
44116,request-1951
44119,request-1952
44121,request-1953
44159,request-1954
44186,request-1955
44189,request-1956
44191,request-1957
44192,request-1958
44193,request-1959
44194,request-1960
44198,request-1961
44199,request-1962
44215,request-1963
44218,request-1964
44275,request-1965
44286,request-1966
44287,request-1967
44295,request-1968
44316,request-1969
44342,request-1970
44343,request-1971
44357,request-1972
44358,request-1973
44395,request-1974
44438,request-1975
44442,request-1976
44444,request-1977
44445,request-1978
44454,request-1979
44465,request-1980
44514,request-1981
44524,request-1982
44532,request-1983
44538,request-1984
44541,request-1985
44568,request-1986
44588,request-1987
44648,request-1988
44674,request-1989
44679,request-1990
44694,request-1991
44703,request-1992
44748,request-1993
44752,request-1994
44756,request-1995
44765,request-1996
44766,request-1997
44772,request-1998
44823,request-1999
44835,request-2000
44864,request-2001
44871,request-2002
44882,request-2003
44935,request-2004
44959,request-2005
44960,request-2006
44983,request-2007
44992,request-2008
45023,request-2009
45025,request-2010
45055,request-2011
45067,request-2012
45069,request-2013
45072,request-2014
45111,request-2015
45113,request-2016
45138,request-2017
45184,request-2018
45226,request-2019
45237,request-2020
45238,request-2021
45240,request-2022
45241,request-2023
45256,request-2024
45283,request-2025
45319,request-2026
45329,request-2027
45355,request-2028
45372,request-2029
45375,request-2030
45384,request-2031
45394,request-2032
45403,request-2033
45413,request-2034
45528,request-2035
45588,request-2036
45601,request-2037
45609,request-2038
45610,request-2039
45629,request-2040
45638,request-2041
45655,request-2042
45700,request-2043
45723,request-2044
45748,request-2045
45767,request-2046
45770,request-2047
45788,request-2048
45797,request-2049
45798,request-2050
45819,request-2051
45820,request-2052
45828,request-2053
45829,request-2054
45859,request-2055
45884,request-2056
45886,request-2057
45922,request-2058
45962,request-2059
46015,request-2060
46030,request-2061
46031,request-2062
46040,request-2063
46041,request-2064
46060,request-2065
46071,request-2066
46093,request-2067
46094,request-2068
46122,request-2069
46175,request-2070
46203,request-2071
46262,request-2072
46313,request-2073
46360,request-2074
46371,request-2075
46376,request-2076
46396,request-2077
46401,request-2078
46410,request-2079
46412,request-2080
46413,request-2081
46414,request-2082
46415,request-2083
46485,request-2084
46495,request-2085
46498,request-2086
46536,request-2087
46537,request-2088
46539,request-2089
46541,request-2090
46542,request-2091
46569,request-2092
46652,request-2093
46704,request-2094
46705,request-2095
46782,request-2096
46783,request-2097
46823,request-2098
46840,request-2099
46871,request-2100
46883,request-2101
46886,request-2102
46911,request-2103
47061,request-2104
47062,request-2105
47072,request-2106
47099,request-2107
47160,request-2108
47162,request-2109
47182,request-2110
47189,request-2111
47205,request-2112
47228,request-2113
47229,request-2114
47245,request-2115
47246,request-2116
47249,request-2117
47295,request-2118
47328,request-2119
47422,request-2120
47427,request-2121
47439,request-2122
47446,request-2123
47447,request-2124
47521,request-2125
47525,request-2126
47526,request-2127
47560,request-2128
47580,request-2129
47590,request-2130
47594,request-2131
47595,request-2132
47597,request-2133
47599,request-2134
47632,request-2135
47687,request-2136
47746,request-2137
47783,request-2138
47817,request-2139
47822,request-2140
47823,request-2141
47840,request-2142
47866,request-2143
47903,request-2144
47915,request-2145
47940,request-2146
47958,request-2147
47964,request-2148
47971,request-2149
47975,request-2150
47978,request-2151
47979,request-2152
47982,request-2153
48005,request-2154
48022,request-2155
48023,request-2156
48064,request-2157
48161,request-2158
48164,request-2159
48185,request-2160
48190,request-2161
48218,request-2162
48220,request-2163
48289,request-2164
48299,request-2165
48301,request-2166
48304,request-2167
48317,request-2168
48347,request-2169
48349,request-2170
48350,request-2171
48352,request-2172
48379,request-2173
48388,request-2174
48391,request-2175
48400,request-2176
48421,request-2177
48437,request-2178
48455,request-2179
48490,request-2180
48491,request-2181
48505,request-2182
48534,request-2183
48535,request-2184
48558,request-2185
48559,request-2186
48569,request-2187
48654,request-2188
48657,request-2189
48661,request-2190
48665,request-2191
48825,request-2192
48836,request-2193
48871,request-2194
48924,request-2195
48927,request-2196
48928,request-2197
48934,request-2198
48942,request-2199
48979,request-2200
48997,request-2201
48998,request-2202
49000,request-2203
49008,request-2204
49082,request-2205
49141,request-2206
49148,request-2207
49151,request-2208
49154,request-2209
49155,request-2210
49156,request-2211
49190,request-2212
49194,request-2213
49200,request-2214
49201,request-2215
49208,request-2216
49236,request-2217
49252,request-2218
49264,request-2219
49275,request-2220
49276,request-2221
49293,request-2222
49355,request-2223
49364,request-2224
49365,request-2225
49378,request-2226
49398,request-2227
49445,request-2228
49466,request-2229
49478,request-2230
49530,request-2231
49536,request-2232
49543,request-2233
49554,request-2234
49555,request-2235
49558,request-2236
49572,request-2237
49585,request-2238
49652,request-2239
49654,request-2240
49655,request-2241
49763,request-2242
49766,request-2243
49769,request-2244
49781,request-2245
49816,request-2246
49819,request-2247
49826,request-2248
49827,request-2249
49832,request-2250
49833,request-2251
49845,request-2252
49849,request-2253
49850,request-2254
49857,request-2255
49869,request-2256
49919,request-2257
49923,request-2258
49945,request-2259
50082,request-2260
50111,request-2261
50122,request-2262
50175,request-2263
50197,request-2264
50222,request-2265
50233,request-2266
50245,request-2267
50257,request-2268
50267,request-2269
50272,request-2270
50323,request-2271
50329,request-2272
50342,request-2273
50381,request-2274
50393,request-2275
50428,request-2276
50434,request-2277
50461,request-2278
50465,request-2279
50478,request-2280
50519,request-2281
50559,request-2282
50578,request-2283
50593,request-2284
50594,request-2285
50600,request-2286
50618,request-2287
50619,request-2288
50752,request-2289
50777,request-2290
50784,request-2291
50797,request-2292
50798,request-2293
50824,request-2294
50825,request-2295
50830,request-2296
50877,request-2297
50960,request-2298
50961,request-2299
51013,request-2300
51016,request-2301
51036,request-2302
51098,request-2303
51141,request-2304
51160,request-2305
51165,request-2306
51194,request-2307
51215,request-2308
51239,request-2309
51256,request-2310
51261,request-2311
51267,request-2312
51336,request-2313
51342,request-2314
51343,request-2315
51358,request-2316
51373,request-2317
51375,request-2318
51391,request-2319
51410,request-2320
51411,request-2321
51419,request-2322
51432,request-2323
51443,request-2324
51444,request-2325
51445,request-2326
51462,request-2327
51463,request-2328
51467,request-2329
51494,request-2330
51510,request-2331
51548,request-2332
51558,request-2333
51563,request-2334
51564,request-2335
51565,request-2336
51571,request-2337
51578,request-2338
51598,request-2339
51618,request-2340
51619,request-2341
51628,request-2342
51629,request-2343
51679,request-2344
51680,request-2345
51681,request-2346
51682,request-2347
51683,request-2348
51697,request-2349
51753,request-2350
51757,request-2351
51795,request-2352
51840,request-2353
51842,request-2354
51867,request-2355
51873,request-2356
51877,request-2357
51882,request-2358
51884,request-2359
51890,request-2360
51893,request-2361
51913,request-2362
51921,request-2363
51922,request-2364
51933,request-2365
51934,request-2366
51979,request-2367
52002,request-2368
52025,request-2369
52026,request-2370
52042,request-2371
52043,request-2372
52097,request-2373
52125,request-2374
52126,request-2375
52154,request-2376
52158,request-2377
52162,request-2378
52165,request-2379
52168,request-2380
52181,request-2381
52182,request-2382
52183,request-2383
52184,request-2384
52185,request-2385
52320,request-2386
52321,request-2387
52346,request-2388
52353,request-2389
52356,request-2390
52362,request-2391
52363,request-2392
52376,request-2393
52387,request-2394
52388,request-2395
52389,request-2396
52391,request-2397
52398,request-2398
52407,request-2399
52435,request-2400
52441,request-2401
52459,request-2402
52466,request-2403
52489,request-2404
52499,request-2405
52508,request-2406
52515,request-2407
52518,request-2408
52537,request-2409
52540,request-2410
52555,request-2411
52621,request-2412
52622,request-2413
52625,request-2414
52661,request-2415
52668,request-2416
52694,request-2417
52705,request-2418
52729,request-2419
52730,request-2420
52734,request-2421
52746,request-2422
52764,request-2423
52822,request-2424
52823,request-2425
52824,request-2426
52825,request-2427
52865,request-2428
52879,request-2429
52893,request-2430
52899,request-2431
52906,request-2432
52917,request-2433
52934,request-2434
52966,request-2435
52969,request-2436
52978,request-2437
52986,request-2438
53016,request-2439
53087,request-2440
53088,request-2441
53162,request-2442
53180,request-2443
53187,request-2444
53244,request-2445
53267,request-2446
53298,request-2447
53338,request-2448
53342,request-2449
53349,request-2450
53350,request-2451
53353,request-2452
53356,request-2453
53357,request-2454
53367,request-2455
53386,request-2456
53387,request-2457
53399,request-2458
53428,request-2459
53429,request-2460
53430,request-2461
53510,request-2462
53544,request-2463
53578,request-2464
53632,request-2465
53648,request-2466
53664,request-2467
53665,request-2468
53709,request-2469
53751,request-2470
53755,request-2471
53772,request-2472
53823,request-2473
53834,request-2474
53835,request-2475
53889,request-2476
53892,request-2477
53902,request-2478
53909,request-2479
53913,request-2480
53939,request-2481
53992,request-2482
54028,request-2483
54077,request-2484
54082,request-2485
54129,request-2486
54130,request-2487
54135,request-2488
54140,request-2489
54182,request-2490
54183,request-2491
54187,request-2492
54198,request-2493
54200,request-2494
54201,request-2495
54275,request-2496
54276,request-2497
54281,request-2498
54310,request-2499
54312,request-2500
54313,request-2501
54331,request-2502
54336,request-2503
54364,request-2504
54395,request-2505
54400,request-2506
54401,request-2507
54412,request-2508
54449,request-2509
54464,request-2510
54497,request-2511
54498,request-2512
54516,request-2513
54517,request-2514
54522,request-2515
54549,request-2516
54556,request-2517
54559,request-2518
54631,request-2519
54638,request-2520
54644,request-2521
54665,request-2522
54683,request-2523
54687,request-2524
54700,request-2525
54730,request-2526
54758,request-2527
54768,request-2528
54779,request-2529
54780,request-2530
54829,request-2531
54909,request-2532
55062,request-2533
55161,request-2534
55194,request-2535
55255,request-2536
55377,request-2537
55395,request-2538
55425,request-2539
55474,request-2540
55512,request-2541
55523,request-2542
55528,request-2543
55532,request-2544
55533,request-2545
55561,request-2546
55636,request-2547
55656,request-2548
55688,request-2549
55689,request-2550
55717,request-2551
55729,request-2552
55739,request-2553
55805,request-2554
55806,request-2555
55857,request-2556
55921,request-2557
56004,request-2558
56018,request-2559
56019,request-2560
56021,request-2561
56038,request-2562
56053,request-2563
56054,request-2564
56063,request-2565
56091,request-2566
56097,request-2567
56148,request-2568
56149,request-2569
56154,request-2570
56155,request-2571
56216,request-2572
56217,request-2573
56230,request-2574
56241,request-2575
56244,request-2576
56245,request-2577
56274,request-2578
56305,request-2579
56310,request-2580
56337,request-2581
56367,request-2582
56368,request-2583
56373,request-2584
56438,request-2585
56439,request-2586
56470,request-2587
56489,request-2588
56493,request-2589
56510,request-2590
56549,request-2591
56567,request-2592
56602,request-2593
56629,request-2594
56635,request-2595
56691,request-2596
56713,request-2597
56728,request-2598
56741,request-2599
56816,request-2600
56817,request-2601
56831,request-2602
56834,request-2603
56844,request-2604
56845,request-2605
56924,request-2606
56962,request-2607
56970,request-2608
56992,request-2609
57031,request-2610
57041,request-2611
57068,request-2612
57078,request-2613
57080,request-2614
57138,request-2615
57213,request-2616
57254,request-2617
57255,request-2618
57306,request-2619
57314,request-2620
57328,request-2621
57342,request-2622
57392,request-2623
57471,request-2624
57475,request-2625
57516,request-2626
57532,request-2627
57533,request-2628
57536,request-2629
57537,request-2630
57539,request-2631
57548,request-2632
57589,request-2633
57598,request-2634
57641,request-2635
57650,request-2636
57664,request-2637
57666,request-2638
57725,request-2639
57747,request-2640
57748,request-2641
57755,request-2642
57767,request-2643
57789,request-2644
57856,request-2645
57886,request-2646
57895,request-2647
57896,request-2648
57903,request-2649
57976,request-2650
57980,request-2651
58019,request-2652
58020,request-2653
58028,request-2654
58030,request-2655
58031,request-2656
58049,request-2657
58050,request-2658
58051,request-2659
58053,request-2660
58054,request-2661
58058,request-2662
58062,request-2663
58067,request-2664
58121,request-2665
58149,request-2666
58156,request-2667
58157,request-2668
58158,request-2669
58177,request-2670
58183,request-2671
58208,request-2672
58253,request-2673
58267,request-2674
58268,request-2675
58269,request-2676
58302,request-2677
58303,request-2678
58306,request-2679
58409,request-2680
58446,request-2681
58450,request-2682
58452,request-2683
58453,request-2684
58456,request-2685
58458,request-2686
58461,request-2687
58466,request-2688
58495,request-2689
58499,request-2690
58514,request-2691
58532,request-2692
58551,request-2693
58560,request-2694
58575,request-2695
58584,request-2696
58633,request-2697
58644,request-2698
58670,request-2699
58678,request-2700
58688,request-2701
58739,request-2702
58747,request-2703
58756,request-2704
58807,request-2705
58816,request-2706
58820,request-2707
58846,request-2708
58877,request-2709
58908,request-2710
58965,request-2711
58969,request-2712
59031,request-2713
59033,request-2714
59034,request-2715
59040,request-2716
59072,request-2717
59102,request-2718
59156,request-2719
59157,request-2720
59176,request-2721
59178,request-2722
59226,request-2723
59240,request-2724
59241,request-2725
59256,request-2726
59305,request-2727
59307,request-2728
59415,request-2729
59435,request-2730
59436,request-2731
59486,request-2732
59538,request-2733
59553,request-2734
59557,request-2735
59576,request-2736
59578,request-2737
59583,request-2738
59597,request-2739
59614,request-2740
59626,request-2741
59674,request-2742
59682,request-2743
59684,request-2744
59725,request-2745
59755,request-2746
59772,request-2747
59787,request-2748
59789,request-2749
59790,request-2750
59799,request-2751
59800,request-2752
59801,request-2753
59835,request-2754
59844,request-2755
59871,request-2756
59872,request-2757
59900,request-2758
59919,request-2759
59920,request-2760
59926,request-2761
59965,request-2762
60003,request-2763
60005,request-2764
60023,request-2765
60031,request-2766
60032,request-2767
60036,request-2768
60037,request-2769
60055,request-2770
60084,request-2771
60101,request-2772
60105,request-2773
60145,request-2774
60255,request-2775
60269,request-2776
60298,request-2777
60299,request-2778
60332,request-2779
60362,request-2780
60374,request-2781
60405,request-2782
60406,request-2783
60407,request-2784
60446,request-2785
60517,request-2786
60621,request-2787
60631,request-2788
60632,request-2789
60635,request-2790
60636,request-2791
60637,request-2792
60649,request-2793
60680,request-2794
60683,request-2795
60684,request-2796
60685,request-2797
60759,request-2798
60765,request-2799
60767,request-2800
60770,request-2801
60801,request-2802
60802,request-2803
60933,request-2804
60961,request-2805
60968,request-2806
61074,request-2807
61121,request-2808
61122,request-2809
61131,request-2810
61148,request-2811
61158,request-2812
61160,request-2813
61173,request-2814
61174,request-2815
61206,request-2816
61207,request-2817
61208,request-2818
61268,request-2819
61306,request-2820
61358,request-2821
61360,request-2822
61362,request-2823
61366,request-2824
61367,request-2825
61370,request-2826
61379,request-2827
61430,request-2828
61444,request-2829
61445,request-2830
61462,request-2831
61502,request-2832
61523,request-2833
61533,request-2834
61534,request-2835
61536,request-2836
61556,request-2837
61605,request-2838
61709,request-2839
61800,request-2840
61814,request-2841
61839,request-2842
61840,request-2843
61847,request-2844
61849,request-2845
61850,request-2846
61855,request-2847
61860,request-2848
61861,request-2849
61863,request-2850
61968,request-2851
61969,request-2852
61990,request-2853
62043,request-2854
62058,request-2855
62079,request-2856
62091,request-2857
62092,request-2858
62099,request-2859
62100,request-2860
62103,request-2861
62106,request-2862
62109,request-2863
62164,request-2864
62166,request-2865
62170,request-2866
62210,request-2867
62211,request-2868
62245,request-2869
62246,request-2870
62273,request-2871
62280,request-2872
62287,request-2873
62323,request-2874
62340,request-2875
62400,request-2876
62417,request-2877
62421,request-2878
62422,request-2879
62430,request-2880
62431,request-2881
62475,request-2882
62476,request-2883
62507,request-2884
62516,request-2885
62533,request-2886
62567,request-2887
62579,request-2888
62582,request-2889
62596,request-2890
62602,request-2891
62606,request-2892
62645,request-2893
62673,request-2894
62674,request-2895
62710,request-2896
62711,request-2897
62761,request-2898
62780,request-2899
62781,request-2900
62823,request-2901
62884,request-2902
62898,request-2903
62899,request-2904
62931,request-2905
62942,request-2906
62953,request-2907
62963,request-2908
62967,request-2909
62968,request-2910
63021,request-2911
63103,request-2912
63115,request-2913
63127,request-2914
63139,request-2915
63157,request-2916
63159,request-2917
63173,request-2918
63174,request-2919
63175,request-2920
63190,request-2921
63193,request-2922
63232,request-2923
63258,request-2924
63273,request-2925
63287,request-2926
63302,request-2927
63303,request-2928
63326,request-2929
63330,request-2930
63345,request-2931
63352,request-2932
63358,request-2933
63363,request-2934
63369,request-2935
63393,request-2936
63399,request-2937
63438,request-2938
63439,request-2939
63440,request-2940
63441,request-2941
63442,request-2942
63446,request-2943
63500,request-2944
63509,request-2945
63546,request-2946
63560,request-2947
63599,request-2948
63737,request-2949
63752,request-2950
63808,request-2951
63809,request-2952
63812,request-2953
63817,request-2954
63819,request-2955
63827,request-2956
63830,request-2957
63847,request-2958
63849,request-2959
63852,request-2960
63871,request-2961
63878,request-2962
63881,request-2963
63910,request-2964
63939,request-2965
63940,request-2966
63989,request-2967
64021,request-2968
64066,request-2969
64067,request-2970
64069,request-2971
64070,request-2972
64074,request-2973
64078,request-2974
64091,request-2975
64109,request-2976
64118,request-2977
64129,request-2978
64182,request-2979
64197,request-2980
64198,request-2981
64226,request-2982
64334,request-2983
64361,request-2984
64366,request-2985
64372,request-2986
64373,request-2987
64374,request-2988
64377,request-2989
64385,request-2990
64392,request-2991
64431,request-2992
64448,request-2993
64455,request-2994
64461,request-2995
64519,request-2996
64554,request-2997
64568,request-2998
64571,request-2999
64649,request-3000
64654,request-3001
64655,request-3002
64656,request-3003
64681,request-3004
64747,request-3005
64805,request-3006
64806,request-3007
64814,request-3008
64901,request-3009
64980,request-3010
64995,request-3011
64997,request-3012
64998,request-3013
65005,request-3014
65078,request-3015
65083,request-3016
65088,request-3017
65124,request-3018
65172,request-3019
65202,request-3020
65227,request-3021
65239,request-3022
65240,request-3023
65241,request-3024
65242,request-3025
65251,request-3026
65252,request-3027
65255,request-3028
65258,request-3029
65307,request-3030
65400,request-3031
65461,request-3032
65468,request-3033
65531,request-3034
65532,request-3035
65537,request-3036
65667,request-3037
65803,request-3038
65887,request-3039
65903,request-3040
65904,request-3041
65965,request-3042
65971,request-3043
65974,request-3044
65985,request-3045
65998,request-3046
65999,request-3047
66049,request-3048
66067,request-3049
66074,request-3050
66076,request-3051
66079,request-3052
66080,request-3053
66083,request-3054
66098,request-3055
66123,request-3056
66124,request-3057
66211,request-3058
66228,request-3059
66247,request-3060
66272,request-3061
66342,request-3062
66367,request-3063
66434,request-3064
66457,request-3065
66475,request-3066
66483,request-3067
66523,request-3068
66584,request-3069
66609,request-3070
66627,request-3071
66656,request-3072
66672,request-3073
66677,request-3074
66678,request-3075
66685,request-3076
66692,request-3077
66693,request-3078
66694,request-3079
66696,request-3080
66699,request-3081
66871,request-3082
66899,request-3083
66900,request-3084
66902,request-3085
66903,request-3086
66920,request-3087
66932,request-3088
66970,request-3089
66971,request-3090
66976,request-3091
66991,request-3092
66998,request-3093
67032,request-3094
67037,request-3095
67042,request-3096
67050,request-3097
67070,request-3098
67071,request-3099
67083,request-3100
67088,request-3101
67105,request-3102
67106,request-3103
67110,request-3104
67120,request-3105
67153,request-3106
67175,request-3107
67179,request-3108
67187,request-3109
67219,request-3110
67306,request-3111
67307,request-3112
67316,request-3113
67317,request-3114
67376,request-3115
67439,request-3116
67486,request-3117
67495,request-3118
67496,request-3119
67559,request-3120
67589,request-3121
67592,request-3122
67595,request-3123
67597,request-3124
67605,request-3125
67645,request-3126
67680,request-3127
67681,request-3128
67685,request-3129
67706,request-3130
67739,request-3131
67846,request-3132
67847,request-3133
67861,request-3134
67872,request-3135
67881,request-3136
67892,request-3137
67894,request-3138
67921,request-3139
67961,request-3140
67969,request-3141
67970,request-3142
67973,request-3143
67986,request-3144
67994,request-3145
67995,request-3146
67996,request-3147
67998,request-3148
67999,request-3149
68010,request-3150
68019,request-3151
68045,request-3152
68047,request-3153
68055,request-3154
68056,request-3155
68093,request-3156
68110,request-3157
68143,request-3158
68158,request-3159
68189,request-3160
68199,request-3161
68202,request-3162
68282,request-3163
68283,request-3164
68287,request-3165
68315,request-3166
68357,request-3167
68395,request-3168
68397,request-3169
68405,request-3170
68407,request-3171
68412,request-3172
68418,request-3173
68482,request-3174
68493,request-3175
68495,request-3176
68498,request-3177
68521,request-3178
68527,request-3179
68529,request-3180
68530,request-3181
68545,request-3182
68567,request-3183
68568,request-3184
68615,request-3185
68637,request-3186
68697,request-3187
68716,request-3188
68722,request-3189
68728,request-3190
68755,request-3191
68756,request-3192
68816,request-3193
68843,request-3194
68918,request-3195
68943,request-3196
68960,request-3197
68986,request-3198
68988,request-3199
68993,request-3200
69004,request-3201
69112,request-3202
69135,request-3203
69157,request-3204
69161,request-3205
69162,request-3206
69163,request-3207
69179,request-3208
69192,request-3209
69209,request-3210
69241,request-3211
69242,request-3212
69268,request-3213
69269,request-3214
69271,request-3215
69285,request-3216
69311,request-3217
69327,request-3218
69457,request-3219
69471,request-3220
69472,request-3221
69475,request-3222
69476,request-3223
69565,request-3224
69569,request-3225
69570,request-3226
69576,request-3227
69578,request-3228
69702,request-3229
69719,request-3230
69753,request-3231
69765,request-3232
69770,request-3233
69771,request-3234
69793,request-3235
69821,request-3236
69822,request-3237
69825,request-3238
69826,request-3239
69850,request-3240
69879,request-3241
69890,request-3242
69919,request-3243
69928,request-3244
69929,request-3245
69945,request-3246
69961,request-3247
69992,request-3248
70007,request-3249
70034,request-3250
70055,request-3251
70085,request-3252
70107,request-3253
70131,request-3254
70134,request-3255
70138,request-3256
70162,request-3257
70166,request-3258
70167,request-3259
70177,request-3260
70182,request-3261
70192,request-3262
70194,request-3263
70199,request-3264
70239,request-3265
70244,request-3266
70245,request-3267
70246,request-3268
70322,request-3269
70323,request-3270
70350,request-3271
70353,request-3272
70360,request-3273
70401,request-3274
70409,request-3275
70410,request-3276
70411,request-3277
70412,request-3278
70414,request-3279
70430,request-3280
